{"dx": 0.3157894736842102, "dy": 0.3157894736842102, "nx": 20, "ny": 20, "npsi": 20, "dpsi": 0.33069396353576774, "minx": -3.0, "miny": -3.0, "minpsi": -3.141592653589793}