{"dx": 0.10101010101010033, "dy": 0.10101010101010033, "nx": 100, "ny": 100, "npsi": 50, "dpsi": 0.12822827157509353, "minx": -5.0, "miny": -5.0, "minpsi": -3.141592653589793}