{"dx": 0.12244897959183687, "dy": 0.12244897959183687, "nx": 50, "ny": 50, "npsi": 50, "dpsi": 0.12822827157509353, "minx": -3.0, "miny": -3.0, "minpsi": -3.141592653589793}